{"cameraMode":{"drawMode":0,"name":"Shaded","section":"Shading Mode"},"sceneLighting":true,"audioPlay":false,"sceneViewState":{"showFog":true,"showMaterialUpdate":false,"showSkybox":true,"showFlares":true,"showImageEffects":true,"showParticleSystems":true},"in2DMode":false,"pivot":{"x":8.080634117126465,"y":19.970108032226564,"z":-27.757854461669923},"rotation":{"x":0.35259896516799929,"y":-0.03536844626069069,"z":0.01331235095858574,"w":0.9350545406341553},"size":2.349142551422119,"orthographic":false}